post_url,comment_id,text,timestamp,likes,username,lang,region
https://www.instagram.com/p/DIE6ruFydgH/,18031272818352309,@reieeeen,2025-04-25T18:26:11.000Z,0,chzh.__,nl,NL
https://www.instagram.com/p/DIE6ruFydgH/,17863697244310781,@amicharlize,2025-04-24T16:54:27.000Z,0,angel_paige55,de,DE
https://www.instagram.com/p/DIE6ruFydgH/,18494832481007236,I NEED IT,2025-04-21T20:30:45.000Z,0,josephine.rege,it,IT
https://www.instagram.com/p/DSobwtFDgpn/,18107963419638852,Super cute,2025-12-24T03:59:27.000Z,4,lindasnipes,ro,RO
https://www.instagram.com/p/DAl5MSDywMJ/,17874439854163066,@diltonchen 😂,2025-01-09T01:45:22.000Z,1,jerc.ra,de,DE
https://www.instagram.com/p/DAl5MSDywMJ/,18032304470409660,@colincannella 😂,2024-12-29T01:04:04.000Z,0,jaclynhalliday,it,IT
https://www.instagram.com/p/DAl5MSDywMJ/,18066242899753458,@docta,2024-12-29T00:40:02.000Z,1,barkha_22,es,ES
https://www.instagram.com/p/DAl5MSDywMJ/,18119434708414032,@lauren.martin.8,2024-12-20T19:53:26.000Z,0,teneciahingston,fr,FR
https://www.instagram.com/p/DAl5MSDywMJ/,18476827411040073,@nicole.25051,2024-12-20T18:24:36.000Z,0,regina.s_,it,IT
https://www.instagram.com/p/DBWeiONpNdr/,17942765375847354,@jonahwegegener26 no you can’t,2025-03-20T01:46:47.000Z,1,skylarbail,nl,NL
https://www.instagram.com/p/CnonGgBIXCJ/,17971124669108534,It’s poison 😭,2023-01-31T20:48:34.000Z,0,cullengabrielle,fr,FR
https://www.instagram.com/p/CiSz--iDg2N/,18000356449632361,Beautiful Quee👑  Let's go 💯💪🏾🔥,2023-03-08T21:52:49.000Z,0,iam_yungtrilli,fr,FR
https://www.instagram.com/p/DIE6ruFydgH/,18091555756575256,I NEEEEEED,2025-04-11T11:36:03.000Z,1,leaningtowerofgia,it,IT
https://www.instagram.com/p/DIE6ruFydgH/,18091391854515745,Very cute color.,2025-04-10T02:00:03.000Z,1,__xochi_mama_20,ro,RO
https://www.instagram.com/p/DTXzbP0DUOu/,17851882773615187,@classicbl c-130s,2026-01-12T13:37:59.000Z,14,calebkirk__00,it,IT
https://www.instagram.com/p/C9TgmWayIWL/,17993145608665318,STOP RECORDING OTHER PPL!!,2024-11-19T08:20:16.000Z,2,mah_bano_faride,de,DE
https://www.instagram.com/p/C9TgmWayIWL/,18069513472617402,Great posture,2024-10-26T23:51:17.000Z,0,justheretoview_27,ro,RO
https://www.instagram.com/p/DSobwtFDgpn/,18130186504499598,Name,2025-12-25T01:59:21.000Z,3,elizabethmventura,de,DE
https://www.instagram.com/p/DSobwtFDgpn/,18296857771286264,So cute!,2025-12-24T04:26:23.000Z,2,rbeall13,ro,RO
https://www.instagram.com/p/DAl5MSDywMJ/,17939455040937528,@katiemarvin.93,2024-12-06T13:23:01.000Z,0,amie_thompson,fi,FI
https://www.instagram.com/p/DAl5MSDywMJ/,17950727876884686,@reizelledm,2024-12-05T19:43:53.000Z,0,itsjustssarah,de,DE
https://www.instagram.com/p/DTXzbP0DUOu/,17860643307579497,😂 so dope!! Congrats,2026-01-15T14:11:34.000Z,1,mikefree926,it,IT
https://www.instagram.com/p/DIE6ruFydgH/,17987121224877687,SHOP,2025-12-08T18:47:20.000Z,0,mkferdz,de,DE
https://www.instagram.com/p/DIE6ruFydgH/,17974998086731239,SHOP,2025-06-01T02:11:56.000Z,0,nikeymafit,de,DE
https://www.instagram.com/p/DIE6ruFydgH/,17879019927324401,SHOP!,2025-05-31T20:17:45.000Z,0,joguurttt,de,DE
https://www.instagram.com/p/DShEoxLAGJW/,18068737901540067,true lol,2026-02-18T03:23:31.000Z,0,yuni_chiii,es,ES
https://www.instagram.com/p/DTXzbP0DUOu/,18086820110029183,@aidenbz 😭,2026-01-13T17:27:25.000Z,1,car1os.xyz,de,DE
https://www.instagram.com/p/DSobwtFDgpn/,17887523043287426,Yes plz,2025-12-24T04:21:17.000Z,4,b.ek.s,fr,FR
https://www.instagram.com/p/DSobwtFDgpn/,18031326356767699,@gia_sulvetta,2026-01-04T02:39:21.000Z,2,add_miller,it,IT
https://www.instagram.com/p/DSobwtFDgpn/,18084997883041081,Yes pls,2025-12-24T04:55:13.000Z,3,carolinacornish,fr,FR
https://www.instagram.com/p/DBWeiONpNdr/,18293488201236857,🎶 emotional damage 🎶,2024-12-26T21:55:27.000Z,1,thriftingbymary,it,IT
https://www.instagram.com/p/CiSz--iDg2N/,17990138602675915,Fine fine fine fine ass,2023-01-05T21:04:16.000Z,0,arnold.adams.336,it,IT
https://www.instagram.com/p/CiSz--iDg2N/,17969403899032610,Hi,2023-01-05T02:28:10.000Z,0,maes.fred,nl,NL
https://www.instagram.com/p/DAl5MSDywMJ/,17938913033948360,@hannahclune 😂😂😂,2024-11-29T17:07:22.000Z,0,natslynn,fr,FR
https://www.instagram.com/p/DAl5MSDywMJ/,18449072212067258,@wiebke.ellmann,2024-11-29T12:08:30.000Z,0,annasieverdingx,de,DE
https://www.instagram.com/p/DAl5MSDywMJ/,18014904128416358,@claire.duprez me 😅😅😅😅,2024-11-22T21:20:05.000Z,0,lomaerz,fr,FR
https://www.instagram.com/p/DAl5MSDywMJ/,18117654277407276,@alannajm,2024-11-08T20:43:49.000Z,0,jennibabezzz,fi,FI
https://www.instagram.com/p/DAl5MSDywMJ/,18468327238033096,@lllllenna_xo_,2024-11-06T02:41:26.000Z,1,crystal_melgoza,it,IT
https://www.instagram.com/p/DAl5MSDywMJ/,17940881993914446,@1luiggii,2024-11-04T17:52:04.000Z,0,gab.torres_xo,ro,RO
https://www.instagram.com/p/DIE6ruFydgH/,17913199005011422,SHOP,2025-05-10T17:52:09.000Z,1,norzamm_,de,DE
https://www.instagram.com/p/DIE6ruFydgH/,18020724140508203,SHOP!!,2025-05-05T21:38:49.000Z,0,mayaelhadi,de,DE
https://www.instagram.com/p/DIE6ruFydgH/,18276553336267874,SHOP,2025-05-02T05:12:21.000Z,0,delasara,de,DE
https://www.instagram.com/p/DTXzbP0DUOu/,18103901728690493,RAAAAAAAHHHHH,2026-01-12T14:52:52.000Z,4,ya_bui117,de,DE
https://www.instagram.com/p/DTXzbP0DUOu/,17900988243356271,"LETS GOOOO, OORAH BROTHER. SEMPER FI!",2026-01-11T23:45:19.000Z,98,micaht1,de,DE
https://www.instagram.com/p/CnonGgBIXCJ/,18071556337342801,so relatable!! 🤭 xx,2023-01-22T18:27:56.000Z,1,josiee_annxx,es,ES
https://www.instagram.com/p/CnonGgBIXCJ/,18262348423191855,so true😢,2023-01-21T18:10:01.000Z,3,j.b.reese,it,IT
https://www.instagram.com/p/CnonGgBIXCJ/,17980167778780809,Frrrr,2023-01-21T02:45:12.000Z,0,violetanna_,nl,NL
https://www.instagram.com/p/CnonGgBIXCJ/,17943121895380960,OMG FRRRR 😐😐,2023-01-20T13:09:20.000Z,1,preppy._.m,de,DE
https://www.instagram.com/p/DShEoxLAGJW/,18094077737314417,so real,2026-01-13T16:49:25.000Z,0,sauerova.o,it,IT
https://www.instagram.com/p/DIE6ruFydgH/,18087537586617152,SHOP,2025-04-24T16:12:42.000Z,0,bellabubblrs,de,DE
https://www.instagram.com/p/DIE6ruFydgH/,17969984030849664,SHOP,2025-04-24T01:31:43.000Z,0,wendyxcastle,de,DE
https://www.instagram.com/p/DSobwtFDgpn/,17882239758378032,🔗lululemon drop,2026-03-13T07:12:13.000Z,0,arossemt,ro,RO
https://www.instagram.com/p/DAl5MSDywMJ/,18111351346426276,Me & my sister! @vanessalynail,2024-10-21T13:19:37.000Z,1,x_cash.mere,fi,FI
https://www.instagram.com/p/DAl5MSDywMJ/,17958562934822042,@maisierush 🤣🙌🏼,2024-10-20T20:46:24.000Z,0,emma_0909x,fi,FI
https://www.instagram.com/p/DAl5MSDywMJ/,18010966499633272,@muzanne_saxwell,2024-10-17T17:21:55.000Z,0,racheliona_,it,IT
https://www.instagram.com/p/DVjX22jjxJq/,17885910822459776,Loveeeee😍,2026-03-07T09:42:21.000Z,0,katiebandana,nl,NL
https://www.instagram.com/p/CnonGgBIXCJ/,17877920018803339,@grace2.0_______ I guess,2023-01-22T09:36:57.000Z,0,life.w.lilss,fr,FR
https://www.instagram.com/p/CiSz--iDg2N/,18038355400407470,Beautiful,2022-12-27T19:31:29.000Z,0,barriosrodasneryorlando,fr,FR
https://www.instagram.com/p/CiSz--iDg2N/,17898281102707162,Beautiful,2022-12-15T18:50:31.000Z,0,all10801,ro,RO
https://www.instagram.com/p/CiSz--iDg2N/,17946336296431001,Que rico 😋,2022-12-12T17:47:05.000Z,0,alejandrocruz_alvarez,it,IT
https://www.instagram.com/p/CiSz--iDg2N/,17912439086592258,Gostosa,2022-12-06T22:25:24.000Z,1,22romao,es,ES
https://www.instagram.com/p/DShEoxLAGJW/,17873740299394967,Trueeee,2026-01-08T16:19:37.000Z,0,roolz,nl,NL
https://www.instagram.com/p/DShEoxLAGJW/,17904156402337633,"Nope, I resell",2026-01-07T20:05:52.000Z,0,jjensen612,it,IT
https://www.instagram.com/p/DShEoxLAGJW/,18089044442083327,Real❤️,2025-12-30T21:13:46.000Z,0,rae_long13,ro,RO
https://www.instagram.com/p/DIE6ruFydgH/,17891178066228283,SHOP,2025-04-21T20:30:57.000Z,0,josephine.rege,de,DE
https://www.instagram.com/p/DIE6ruFydgH/,18053741003254438,SHOP,2025-04-20T18:10:32.000Z,1,kiamusubii,de,DE
https://www.instagram.com/p/DIE6ruFydgH/,18061673858012338,SHOP,2025-04-18T03:31:57.000Z,1,las_olas_de_ale,de,DE
https://www.instagram.com/p/DTXzbP0DUOu/,17978737409956205,GET SOME,2026-01-13T20:59:22.000Z,1,anthonyeldorado,de,DE
https://www.instagram.com/p/C9TgmWayIWL/,18082405612505451,Beautiful feet❤️,2024-08-25T22:36:38.000Z,0,footfetish20234u,ro,RO
https://www.instagram.com/p/C9TgmWayIWL/,17987795105534776,Stup!d!!!,2024-08-20T15:45:18.000Z,0,riderelli19,de,DE
https://www.instagram.com/p/DAl5MSDywMJ/,18019625162290975,@evelien.kw,2024-10-14T12:50:27.000Z,1,slkclmnt,nl,NL
https://www.instagram.com/p/DAl5MSDywMJ/,18119370523396123,@julienisnard 💯 you!!,2024-10-14T00:28:23.000Z,0,g_strut,fr,FR
https://www.instagram.com/p/DAl5MSDywMJ/,17898710976070232,@barry_cumbrian_runner,2024-10-13T20:20:55.000Z,1,arayson5,ro,RO
https://www.instagram.com/p/DIE6ruFydgH/,17878238442294324,SHOP,2025-04-17T18:06:29.000Z,1,kristinefortez,de,DE
https://www.instagram.com/p/DIE6ruFydgH/,17879724093296108,SHOP,2025-04-17T18:06:24.000Z,0,kristinefortez,de,DE
https://www.instagram.com/p/DIE6ruFydgH/,18086063551720292,SHOP,2025-04-15T02:29:38.000Z,1,_vanessaball_,de,DE
https://www.instagram.com/p/DSobwtFDgpn/,18078125192060948,Need,2026-02-25T16:46:09.000Z,0,nessa_marie6,nl,NL
https://www.instagram.com/p/DSobwtFDgpn/,17875307493521329,Beautiful cameltoes. 😍,2026-02-24T11:30:54.000Z,0,bbb_mm,ro,RO
https://www.instagram.com/p/DSobwtFDgpn/,18070104074449633,Brittany,2026-02-23T02:37:44.000Z,0,mrsold03,fi,FI
https://www.instagram.com/p/CiSz--iDg2N/,17931232910564369,Se le cae la mochila,2022-12-04T13:37:27.000Z,0,septimagemina,es,ES
https://www.instagram.com/p/CiSz--iDg2N/,17950299218179638,El año que viene le arrastra,2022-12-04T13:37:15.000Z,1,septimagemina,es,ES
https://www.instagram.com/p/DShEoxLAGJW/,18089469172961241,@urirubio,2025-12-27T17:59:15.000Z,0,katyaldzma,ro,RO
https://www.instagram.com/p/DVjX22jjxJq/,18123140653513038,Sooo cute!,2026-03-06T20:22:37.000Z,0,stephaniebartee,ro,RO
https://www.instagram.com/p/DAl5MSDywMJ/,18056450023830892,@anttmann93,2024-10-08T21:18:29.000Z,0,megassh,fi,FI
https://www.instagram.com/p/DAl5MSDywMJ/,18020672927259553,@joansmurphy218  @samlaughlin2016  @jhunna193857 🤣🤣,2024-10-08T19:54:50.000Z,1,christypschexnayder,fi,FI
https://www.instagram.com/p/DAl5MSDywMJ/,17915635991908491,@lindsay_eisele,2024-10-08T00:21:12.000Z,1,juliareillyyyy,de,DE
https://www.instagram.com/p/DIE6ruFydgH/,18502510144057860,SHOP,2025-04-14T23:50:35.000Z,1,etelvina.delcid,de,DE
https://www.instagram.com/p/DIE6ruFydgH/,18057580471935774,SHOP,2025-04-14T23:43:16.000Z,0,etelvina.delcid,de,DE
https://www.instagram.com/p/DIE6ruFydgH/,18036344597299589,SHOP,2025-04-12T05:02:14.000Z,1,shop.w.tee,de,DE
https://www.instagram.com/p/DTXzbP0DUOu/,18079589915217125,@lululemon ?🤔😂,2026-01-13T03:42:47.000Z,1,davidsaop,ro,RO
https://www.instagram.com/p/DAl5MSDywMJ/,18040914308479702,@mariannedela3,2024-10-02T20:27:38.000Z,0,g_faust_414,it,IT
https://www.instagram.com/p/DSobwtFDgpn/,17867674461479484,Name,2026-02-21T18:46:07.000Z,0,darlenejarboa,de,DE
https://www.instagram.com/p/DIE6ruFydgH/,18082605214635772,SHOP,2025-04-09T22:47:10.000Z,1,genesispaboncruz,de,DE
https://www.instagram.com/p/DIE6ruFydgH/,17990982266638495,SHOP,2025-04-09T16:49:02.000Z,1,lexirenee23,de,DE
https://www.instagram.com/p/DIE6ruFydgH/,17858179230400146,SHOP,2025-04-09T16:48:33.000Z,0,lexirenee23,de,DE
https://www.instagram.com/p/DIE6ruFydgH/,18504661408059360,SHOP,2025-04-07T13:04:26.000Z,1,liv.rueter,de,DE
https://www.instagram.com/p/DIE6ruFydgH/,18159630019342749,SHOP,2025-04-06T06:06:08.000Z,0,alyshagonzales,de,DE
https://www.instagram.com/p/DTXzbP0DUOu/,18115611706524231,We are Caleb Kirk!,2026-01-12T23:27:51.000Z,1,crawfordsnotfunny,de,DE
https://www.instagram.com/p/DVjX22jjxJq/,17999653907733603,SHOP,2026-03-06T18:57:16.000Z,0,dmckinnie1218,de,DE
https://www.instagram.com/p/DVjX22jjxJq/,18134940688504494,Super cute ❤️🔥,2026-03-06T18:50:08.000Z,0,momof3girlies,ro,RO
https://www.instagram.com/p/DSobwtFDgpn/,17914152546281410,Rebecca,2026-02-07T22:18:06.000Z,0,rebeccatucci,it,IT
https://www.instagram.com/p/DTXzbP0DUOu/,17955227174919703,Jacob.. Daniel…….. Kirk?,2026-01-28T02:30:50.000Z,0,r3kless_chivo,de,DE
https://www.instagram.com/p/C9TgmWayIWL/,18358601836105039,Ihhhhhh zieh dir deine Socken an. Solche Leute habe ich schon beim Trainer gemeldet. Da geht gar nicht....,2024-07-27T03:25:39.000Z,0,zschockolate,de,DE
https://www.instagram.com/p/C9TgmWayIWL/,17881097700036044,Disgusting,2024-07-26T14:31:38.000Z,0,spillnova,de,DE
https://www.instagram.com/p/DVjX22jjxJq/,18074241890574384,So cute!!,2026-03-06T18:42:21.000Z,0,doloresramirez,ro,RO
https://www.instagram.com/p/DSobwtFDgpn/,17885319462332776,meee,2026-02-02T05:04:19.000Z,0,valenrojovh,nl,NL
https://www.instagram.com/p/C9TgmWayIWL/,18031933672903564,Negative negative negative,2024-07-23T23:08:49.000Z,0,creativechiangmai,it,IT
https://www.instagram.com/p/DTXzbP0DUOu/,17977121831806986,Congratulations 😂 cplsgtssgtsgt Kirk,2026-01-13T03:28:30.000Z,0,kaybay.20,de,DE
https://www.instagram.com/p/DSobwtFDgpn/,17861154681591839,Name,2026-01-28T00:54:26.000Z,0,jeanclauson,de,DE
https://www.instagram.com/p/DTXzbP0DUOu/,18112032052620339,Lol,2026-01-12T22:05:37.000Z,0,the_omggtr,it,IT
https://www.instagram.com/p/DSobwtFDgpn/,18105023737704588,Marie,2026-01-26T17:17:19.000Z,0,minnie79,ro,RO
https://www.instagram.com/p/DSobwtFDgpn/,17964686817010924,Cute,2026-01-25T02:25:41.000Z,0,karineshka,ro,RO
https://www.instagram.com/p/DTXzbP0DUOu/,17896223814386145,Outstanding,2026-01-12T21:32:41.000Z,0,miuwu208,de,DE
https://www.instagram.com/p/DTXzbP0DUOu/,18113348200538716,Congrats broo,2026-01-12T20:05:18.000Z,0,horrordrummer666,nl,NL
https://www.instagram.com/p/DSobwtFDgpn/,18045248249502672,Need,2026-01-22T04:03:27.000Z,0,foiledblonde,nl,NL
https://www.instagram.com/p/DSobwtFDgpn/,18250969453290999,Carie,2026-01-19T17:28:22.000Z,0,cariecarter,ro,RO
https://www.instagram.com/p/DSobwtFDgpn/,18078667463258494,Need,2026-01-16T19:40:18.000Z,0,lkellll,nl,NL
https://www.instagram.com/p/DSobwtFDgpn/,17871341130509640,Marie Pier ❤️🔥,2026-01-16T00:47:37.000Z,0,maripiergagnon,de,DE
https://www.instagram.com/p/DTXzbP0DUOu/,17872152153484840,kirk,2026-01-12T09:13:07.000Z,0,olysumtingwong,fi,FI
https://www.instagram.com/p/C9TgmWayIWL/,18025942667041468,"Cazzo vi togliete le scarpe e calzini in palestra?! Un po' di rispetto per gli altri, ehi.",2024-07-19T22:30:44.000Z,0,s_p_782,it,IT
https://www.instagram.com/p/DSobwtFDgpn/,18251596849290360,Mel,2026-01-14T15:16:03.000Z,0,melanieeee17,de,DE
https://www.instagram.com/p/DSobwtFDgpn/,18076389632607382,Name,2026-01-14T14:06:13.000Z,0,sdonatellz,de,DE
https://www.instagram.com/p/DSobwtFDgpn/,18090652106481321,@angeliquebp,2026-01-13T22:47:34.000Z,0,angeliquebp,fr,FR
https://www.instagram.com/p/DSobwtFDgpn/,18091870115476553,Bree,2026-01-13T15:24:05.000Z,0,breekuhle_,nl,NL
https://www.instagram.com/p/DTXzbP0DUOu/,18076296734590834,DEBBAH SOGSS🔥🔥,2026-01-12T00:37:42.000Z,1,atbcabide,de,DE
https://www.instagram.com/p/DSobwtFDgpn/,17940908730121346,Brittany,2026-01-12T02:26:40.000Z,0,barbiiiiebaby,fi,FI
https://www.instagram.com/p/DSobwtFDgpn/,18553119709044773,Yes!,2026-01-11T23:45:25.000Z,0,alafleur82,fr,FR
https://www.instagram.com/p/DSobwtFDgpn/,18050611697453890,Erin,2026-01-11T03:24:24.000Z,0,erinamalie,de,DE
https://www.instagram.com/p/DSobwtFDgpn/,17865878844551203,Lulu haul,2026-01-11T03:06:05.000Z,0,melynneh,fi,FI
https://www.instagram.com/p/DSobwtFDgpn/,18552241291053160,♥️ link,2026-01-10T16:58:17.000Z,0,yaseminwizdi,fi,FI
https://www.instagram.com/p/DSobwtFDgpn/,18318903832247596,So cute!,2026-01-09T15:16:05.000Z,0,cheminifer,ro,RO
https://www.instagram.com/p/DSobwtFDgpn/,18093402268936674,Neeeedddd,2026-01-08T18:06:00.000Z,0,h.demos,nl,NL
https://www.instagram.com/p/DSobwtFDgpn/,18039927476720435,Michelle,2026-01-08T16:10:21.000Z,0,michelle_lathrop,de,DE
https://www.instagram.com/p/DSobwtFDgpn/,18011631812816993,link,2026-01-08T14:42:00.000Z,0,kariannnichols,fi,FI
https://www.instagram.com/p/C9TgmWayIWL/,18241395430257181,Narcissist,2024-07-19T07:17:01.000Z,0,tommo_wts,it,IT
https://www.instagram.com/p/C9TgmWayIWL/,18296743288167059,Gross! WTF.....,2024-07-19T03:53:09.000Z,0,aaronmulatto,de,DE
https://www.instagram.com/p/C9TgmWayIWL/,18062037400552097,Wr don't care,2024-07-19T03:23:04.000Z,0,rubylovesrosey,ro,RO
https://www.instagram.com/p/C9TgmWayIWL/,18024162536063437,Degenerate,2024-07-19T02:26:59.000Z,0,scottwhip0204,de,DE
https://www.instagram.com/p/DSobwtFDgpn/,18051545417433992,Steph,2026-01-06T20:42:36.000Z,0,sdmackie_,de,DE
https://www.instagram.com/p/DSobwtFDgpn/,18079240696983222,Name,2026-01-06T18:09:59.000Z,0,tajamohorcic,de,DE
https://www.instagram.com/p/C9TgmWayIWL/,18132008194356608,Feet🔥🔥🔥🔥,2024-07-19T00:16:25.000Z,0,pierattellicristian,nl,NL
https://www.instagram.com/p/DSobwtFDgpn/,17913148851123719,Need,2026-01-06T16:18:08.000Z,0,ohsnapitssheeba,nl,NL
https://www.instagram.com/p/DSobwtFDgpn/,18090238918793252,Need,2026-01-06T13:31:32.000Z,0,kelshaye2213,nl,NL
https://www.instagram.com/p/DSobwtFDgpn/,17930009439158522,Karen Sullivan,2026-01-06T13:05:53.000Z,0,kayejenson,fi,FI
https://www.instagram.com/p/DSobwtFDgpn/,18068528300167941,Grace,2026-01-06T09:58:01.000Z,0,grace_haberkorn,es,ES
https://www.instagram.com/p/DSobwtFDgpn/,18119269357562147,Belliii🔗,2026-01-06T05:25:12.000Z,0,carlotta.guastini,fi,FI
https://www.instagram.com/p/DSobwtFDgpn/,17847466896629994,Love all,2026-01-06T03:46:38.000Z,0,michelledchandler,it,IT
https://www.instagram.com/p/DSobwtFDgpn/,18099798418867024,Am a lululemon girl forever … ♾️,2026-01-05T23:11:00.000Z,0,dana_hijazen,ro,RO
https://www.instagram.com/p/DSobwtFDgpn/,18358528441160525,Jenna,2026-01-05T21:09:57.000Z,0,_jennacallahan,fr,FR
https://www.instagram.com/p/DSobwtFDgpn/,18052974725398385,Need,2026-01-05T18:31:32.000Z,0,taraa__marie,nl,NL
https://www.instagram.com/p/DSobwtFDgpn/,18089420270050065,Need🔗,2026-01-05T17:42:11.000Z,0,sarahspurnett,nl,NL
https://www.instagram.com/p/DSobwtFDgpn/,17856844566595565,Send,2026-01-05T16:34:28.000Z,0,miss_brittney,de,DE
https://www.instagram.com/p/DSobwtFDgpn/,18031159022769248,so cute,2026-01-05T12:04:19.000Z,0,mi_kae_lalala,ro,RO
https://www.instagram.com/p/DSobwtFDgpn/,18036016628746499,Lulu,2026-01-05T11:48:49.000Z,0,spirit_aryn,ro,RO
https://www.instagram.com/p/C9TgmWayIWL/,17932934612888588,I smell 🧀,2024-07-18T09:34:16.000Z,0,lllll.ll.l.ll.lllll,it,IT
https://www.instagram.com/p/DSobwtFDgpn/,18182153092364544,Yessss,2026-01-05T08:57:29.000Z,0,mistmac,fi,FI
https://www.instagram.com/p/DSobwtFDgpn/,17850096276594119,Marissa 🔗,2026-01-05T07:13:06.000Z,0,marissa_hawkins_,fi,FI
https://www.instagram.com/p/DSobwtFDgpn/,17875534299466931,Me!! ❤️,2026-01-05T05:00:00.000Z,0,michellekolich,de,DE
https://www.instagram.com/p/C9TgmWayIWL/,17889464850061147,Barfuß 👎🤮,2024-07-18T08:45:40.000Z,0,achatz57,de,DE
https://www.instagram.com/p/DSobwtFDgpn/,18086774219082938,Lululemon,2026-01-05T02:53:15.000Z,0,penelope.w.kelly,ro,RO
https://www.instagram.com/p/DSobwtFDgpn/,17954178516049749,Need,2026-01-04T23:22:17.000Z,0,laurathomas9,nl,NL
https://www.instagram.com/p/DSobwtFDgpn/,18119516788568206,Name,2026-01-04T13:36:51.000Z,0,getriinkivi,de,DE
https://www.instagram.com/p/DSobwtFDgpn/,18061084865306639,Adorable,2026-01-04T04:25:50.000Z,0,hd89flh,es,ES
https://www.instagram.com/p/DSobwtFDgpn/,17868441633520382,Lulu,2026-01-04T02:17:42.000Z,0,graff_kimberly,ro,RO
https://www.instagram.com/p/DSobwtFDgpn/,18049223873472261,🔗chrissy,2026-01-03T17:58:40.000Z,0,cmbarbs25,de,DE
https://www.instagram.com/p/DSobwtFDgpn/,18064870229557531,🔗love all,2026-01-03T17:57:24.000Z,0,cmbarbs25,it,IT
https://www.instagram.com/p/DSobwtFDgpn/,17908788981144630,Send!,2026-01-03T13:14:23.000Z,0,michele.meyer33,de,DE
https://www.instagram.com/p/DSobwtFDgpn/,17897134245369717,Need!,2026-01-03T03:55:37.000Z,0,mdepena,nl,NL
https://www.instagram.com/p/DSobwtFDgpn/,18103320277773137,Name,2026-01-02T23:56:54.000Z,0,_akirajscott,de,DE
https://www.instagram.com/p/DSobwtFDgpn/,18053441948385858,Need,2026-01-02T18:21:11.000Z,0,xoxolivia_es,nl,NL
https://www.instagram.com/p/DSobwtFDgpn/,18115782583589990,Need,2026-01-02T05:26:11.000Z,0,nascarbarbie,nl,NL
https://www.instagram.com/p/DSobwtFDgpn/,18030150155716694,How do o get 🔗,2026-01-02T00:26:57.000Z,0,rschnite,nl,NL
https://www.instagram.com/p/DSobwtFDgpn/,18086936912117416,@ericarudkin,2026-01-01T22:48:36.000Z,0,ericarudkin,ro,RO
https://www.instagram.com/p/DSobwtFDgpn/,18168716317385556,Name,2026-01-01T22:17:47.000Z,0,antoinettedh9,de,DE
https://www.instagram.com/p/DSobwtFDgpn/,18070564817528334,Kelly,2026-01-01T16:17:29.000Z,0,kelly_fav_,fi,FI
https://www.instagram.com/p/DSobwtFDgpn/,18064523786632130,Christine,2026-01-01T12:56:52.000Z,0,bledsocm,de,DE
https://www.instagram.com/p/DSobwtFDgpn/,17924011128083967,Lulu,2026-01-01T02:46:46.000Z,0,keelyadamson,ro,RO
https://www.instagram.com/p/C9TgmWayIWL/,18330437365125329,Which glutes?? 😢,2024-07-16T20:55:27.000Z,0,jazz_hr_,de,DE
https://www.instagram.com/p/DSobwtFDgpn/,18101579626828905,So cute!,2025-12-31T19:43:19.000Z,0,katie_rose_d,ro,RO
https://www.instagram.com/p/DSobwtFDgpn/,18122911312552219,Haul,2025-12-31T16:23:05.000Z,0,rebekahfowlkes,fi,FI
https://www.instagram.com/p/C9TgmWayIWL/,17931294179908431,Gorgeous feet.👣😍,2024-07-16T12:15:41.000Z,1,peterbiltdriver1gma,nl,NL
https://www.instagram.com/p/C9TgmWayIWL/,17920233524941504,Absolutely disrespectful.,2024-07-16T11:51:11.000Z,0,antoniocortesb,ro,RO
https://www.instagram.com/p/DSobwtFDgpn/,17991372731745674,Britt,2025-12-31T00:14:30.000Z,0,britt_saroka,fi,FI
https://www.instagram.com/p/DSobwtFDgpn/,17859445332570331,Me❤️🔥,2025-12-30T20:00:38.000Z,0,angschneider31,de,DE
https://www.instagram.com/p/DSobwtFDgpn/,17941901505107103,Helena,2025-12-30T18:47:35.000Z,0,helenacarroll85,nl,NL
https://www.instagram.com/p/C9TgmWayIWL/,17887171064999985,I feel your pain!,2024-07-16T09:05:20.000Z,0,hoppy.1213,fr,FR
https://www.instagram.com/p/C9TgmWayIWL/,18031536979914217,Someone is gonna get tinea,2024-07-16T07:56:16.000Z,0,lachy_lamont,nl,NL
https://www.instagram.com/p/DSobwtFDgpn/,18071846036096926,Cute,2025-12-30T14:41:39.000Z,0,tradel,ro,RO
https://www.instagram.com/p/DSobwtFDgpn/,17899755495353375,Lola,2025-12-30T13:34:54.000Z,0,laurak703,it,IT
https://www.instagram.com/p/DSobwtFDgpn/,18123826948527310,Cute,2025-12-30T10:55:04.000Z,0,kaili_thatmomisme1,ro,RO
https://www.instagram.com/p/DSobwtFDgpn/,18007928651825247,Jenn,2025-12-30T04:42:32.000Z,0,jennseymour,fr,FR
https://www.instagram.com/p/DSobwtFDgpn/,18173365435374312,Name,2025-12-30T04:42:29.000Z,0,jennseymour,de,DE
https://www.instagram.com/p/DSobwtFDgpn/,18083253782169096,@emilybeiernews,2025-12-29T20:21:30.000Z,0,emilybeiernews,de,DE
https://www.instagram.com/p/DSobwtFDgpn/,18073681877065572,Michelle,2025-12-29T09:28:48.000Z,0,m_suzannepety,de,DE
https://www.instagram.com/p/DSobwtFDgpn/,18061995344643710,Cute,2025-12-29T05:36:23.000Z,0,carrielevans,ro,RO
https://www.instagram.com/p/DSobwtFDgpn/,18082911407139003,Need,2025-12-29T05:28:24.000Z,0,ashley_k_ford,nl,NL
https://www.instagram.com/p/DSobwtFDgpn/,18090475076489915,Kelly,2025-12-29T00:52:10.000Z,0,kelly_stanton.05,fi,FI
https://www.instagram.com/p/DSobwtFDgpn/,18092722951765288,Claire💌,2025-12-28T21:02:38.000Z,0,claireebrady,fr,FR
https://www.instagram.com/p/DSobwtFDgpn/,18163495312398961,Coleen,2025-12-28T20:34:46.000Z,0,8200cj,nl,NL
https://www.instagram.com/p/DSobwtFDgpn/,18391680655182515,Name,2025-12-28T17:33:57.000Z,0,nickii933,de,DE
https://www.instagram.com/p/DSobwtFDgpn/,18036205328721047,Yvonne,2025-12-28T16:06:04.000Z,0,yakaboski_team,fi,FI
https://www.instagram.com/p/DSobwtFDgpn/,17926686888192102,Rose,2025-12-28T15:54:39.000Z,0,rprieto712,ro,RO
https://www.instagram.com/p/DSobwtFDgpn/,18071537321096659,Need!!,2025-12-28T15:01:50.000Z,0,bethbarnard1983,nl,NL
https://www.instagram.com/p/DSobwtFDgpn/,18066857156169635,Danielle,2025-12-28T14:08:02.000Z,0,daniellenraybuck,de,DE
https://www.instagram.com/p/DSobwtFDgpn/,18248398849288664,@jduffitness,2025-12-28T11:27:18.000Z,0,jduffitness,fr,FR
https://www.instagram.com/p/DSobwtFDgpn/,18195296542330830,Jenn,2025-12-28T10:25:40.000Z,0,j_hinny,fr,FR
https://www.instagram.com/p/DSobwtFDgpn/,17912015859124637,April,2025-12-28T09:18:18.000Z,0,funsize_caligirl,ro,RO
https://www.instagram.com/p/DSobwtFDgpn/,18108359656726861,Patty,2025-12-28T08:28:10.000Z,0,pzap777,fi,FI
https://www.instagram.com/p/DSobwtFDgpn/,17970208109990088,Needs,2025-12-28T05:52:28.000Z,0,tay__xo,nl,NL
https://www.instagram.com/p/DSobwtFDgpn/,18014088212691390,April,2025-12-28T04:46:30.000Z,0,april.n.mitchell,ro,RO
https://www.instagram.com/p/DSobwtFDgpn/,18066846317625590,🔥need,2025-12-28T02:24:48.000Z,0,hairbypriscillapaige,nl,NL
https://www.instagram.com/p/DSobwtFDgpn/,17972144624826215,Aileen,2025-12-28T02:20:52.000Z,0,aileenmoorelayman,nl,NL
https://www.instagram.com/p/DSobwtFDgpn/,18041893028708181,Jenna,2025-12-28T01:28:49.000Z,0,jenna.traboulsee,fr,FR
https://www.instagram.com/p/DSobwtFDgpn/,18086447287862023,Cute!,2025-12-28T00:48:54.000Z,0,sarahkassuba,ro,RO
https://www.instagram.com/p/DSobwtFDgpn/,18112425571615129,Need,2025-12-27T22:17:11.000Z,0,hayley__carter,nl,NL
https://www.instagram.com/p/DSobwtFDgpn/,17893111089390169,🔗Plz,2025-12-27T19:38:49.000Z,0,sinverarity,de,DE
https://www.instagram.com/p/DSobwtFDgpn/,18356154643166859,Jess,2025-12-27T19:09:07.000Z,0,jesswilson312,fr,FR
https://www.instagram.com/p/DSobwtFDgpn/,18065373860196156,Jess,2025-12-27T18:04:09.000Z,0,jessnoelzz,fr,FR
https://www.instagram.com/p/DSobwtFDgpn/,18072142007608282,Name,2025-12-27T17:04:05.000Z,0,marialovesnutrition,de,DE
https://www.instagram.com/p/DSobwtFDgpn/,17902239810184543,Lenq,2025-12-27T15:12:27.000Z,0,lenaferraroo,fr,FR
https://www.instagram.com/p/DSobwtFDgpn/,18092245559308852,Nikki,2025-12-27T13:40:59.000Z,0,nikki.lingao,fi,FI
https://www.instagram.com/p/DSobwtFDgpn/,18148577680434930,Name,2025-12-27T06:49:51.000Z,0,alexrtarr,de,DE
https://www.instagram.com/p/DSobwtFDgpn/,18110521153622945,Need,2025-12-27T05:26:08.000Z,0,shellyhardy9586,nl,NL
https://www.instagram.com/p/DSobwtFDgpn/,17997543017894683,Meee,2025-12-27T05:17:41.000Z,0,mrsaliciacox,nl,NL
https://www.instagram.com/p/DSobwtFDgpn/,18041003480707442,Grazia,2025-12-27T04:35:52.000Z,0,grazia_ciacca28,it,IT
https://www.instagram.com/p/DSobwtFDgpn/,17932433901016494,Teeners,2025-12-27T04:19:51.000Z,0,teeners86,nl,NL
https://www.instagram.com/p/DSobwtFDgpn/,18087108347063116,Need,2025-12-27T04:19:31.000Z,0,sammyso5050,nl,NL
https://www.instagram.com/p/DSobwtFDgpn/,17986025228763757,Yes!,2025-12-27T02:30:50.000Z,0,amiehum,fr,FR
https://www.instagram.com/p/DSobwtFDgpn/,17906078214312895,Need,2025-12-27T01:57:33.000Z,0,karenemitchell,nl,NL
https://www.instagram.com/p/DSobwtFDgpn/,18051922991393454,link,2025-12-26T23:55:05.000Z,0,lexibgottsegen,fi,FI
https://www.instagram.com/p/DSobwtFDgpn/,18047948600695242,So cute,2025-12-26T22:53:40.000Z,0,doozanne,ro,RO
https://www.instagram.com/p/DSobwtFDgpn/,18090194473982336,Send,2025-12-26T20:40:49.000Z,0,christinaonthegulff,de,DE
https://www.instagram.com/p/DSobwtFDgpn/,17951212536072088,Cute,2025-12-26T20:12:35.000Z,0,jdb1133,ro,RO
https://www.instagram.com/p/DSobwtFDgpn/,18097658563850741,Yes 🙌🏾 ❤️,2025-12-26T19:44:03.000Z,0,salj13,fr,FR
https://www.instagram.com/p/DSobwtFDgpn/,18097131559880573,BELLA,2025-12-26T19:01:09.000Z,0,bellamar.ie_,de,DE
https://www.instagram.com/p/DSobwtFDgpn/,18418913404138986,Love@them all !!! 🔗❤️🔥,2025-12-26T18:36:03.000Z,0,lindsaynickerson,it,IT
https://www.instagram.com/p/DSobwtFDgpn/,18031676222767134,Super cute,2025-12-26T16:55:29.000Z,0,wienkerssimmons,ro,RO
https://www.instagram.com/p/DSobwtFDgpn/,18189558340341716,Name,2025-12-26T14:42:43.000Z,0,michellecurvin,de,DE
https://www.instagram.com/p/DSobwtFDgpn/,17902748592182754,Need,2025-12-26T13:55:19.000Z,0,itsmadimitchell,nl,NL
https://www.instagram.com/p/DSobwtFDgpn/,18102424933704174,Danielle,2025-12-26T13:06:15.000Z,0,danielle_christena,de,DE
https://www.instagram.com/p/DSobwtFDgpn/,17894604288374544,Kelly,2025-12-26T12:13:18.000Z,0,kellydpflum,fi,FI
https://www.instagram.com/p/DSobwtFDgpn/,18086407460022395,Monica,2025-12-26T12:01:39.000Z,0,trvswif07,it,IT
https://www.instagram.com/p/DSobwtFDgpn/,18400172044120436,Michelle,2025-12-26T08:37:12.000Z,0,m_meagher__,de,DE
https://www.instagram.com/p/DSobwtFDgpn/,18138201697464734,Patti,2025-12-26T08:06:07.000Z,0,pattiamcghee,it,IT
https://www.instagram.com/p/DSobwtFDgpn/,18546897976047544,Need! 🔗,2025-12-26T06:47:33.000Z,0,natttydadddy17,nl,NL
https://www.instagram.com/p/DSobwtFDgpn/,17956707020904416,Nicole,2025-12-26T05:23:21.000Z,0,nicole.m.bode,it,IT
https://www.instagram.com/p/DSobwtFDgpn/,18098082247848637,Kelly,2025-12-26T04:54:55.000Z,0,kellyderocher,fi,FI
https://www.instagram.com/p/DSobwtFDgpn/,18103142716688067,Loveee,2025-12-26T03:26:18.000Z,0,tee_diber,nl,NL
https://www.instagram.com/p/DSobwtFDgpn/,18097008095307990,Yes!!,2025-12-26T03:25:07.000Z,0,tiffster01,fr,FR
https://www.instagram.com/p/DSobwtFDgpn/,18060655688291950,Lovee,2025-12-26T02:01:36.000Z,0,kellaaay_920,nl,NL
https://www.instagram.com/p/DSobwtFDgpn/,18090059900302014,Name,2025-12-26T01:14:40.000Z,0,chessgal,de,DE
https://www.instagram.com/p/DSobwtFDgpn/,18438243193111191,Traci,2025-12-26T00:21:49.000Z,0,tmussman,es,ES
https://www.instagram.com/p/DSobwtFDgpn/,18086994386277858,Elizabeth,2025-12-25T23:15:19.000Z,0,ehigginbotham_78,es,ES
https://www.instagram.com/p/DSobwtFDgpn/,18415210150143690,Cute,2025-12-25T22:41:02.000Z,0,beckyborst220,ro,RO
https://www.instagram.com/p/DSobwtFDgpn/,18370396342095618,Cassie,2025-12-25T21:56:25.000Z,0,cassie22b,it,IT
https://www.instagram.com/p/DSobwtFDgpn/,17849760165587068,Yes!,2025-12-25T21:37:18.000Z,0,amandawilliamsonwatson,fr,FR
https://www.instagram.com/p/DSobwtFDgpn/,17954737215047646,G,2025-12-25T21:22:51.000Z,0,_skybrianna,de,DE
https://www.instagram.com/p/DSobwtFDgpn/,18085612283026736,link,2025-12-25T21:09:20.000Z,0,jodielittle,fi,FI
https://www.instagram.com/p/DSobwtFDgpn/,18036493508758922,Name,2025-12-25T20:15:08.000Z,0,areidster15,de,DE
https://www.instagram.com/p/DSobwtFDgpn/,18089045716976668,@marryanne_montalla,2025-12-25T19:52:59.000Z,0,marryanne_montalla,it,IT
https://www.instagram.com/p/DSobwtFDgpn/,18090340624975534,Need!,2025-12-25T18:29:07.000Z,0,hellomisskat,nl,NL
https://www.instagram.com/p/DSobwtFDgpn/,18357318724167071,Need!,2025-12-25T18:28:35.000Z,0,kat_quest,nl,NL
https://www.instagram.com/p/DSobwtFDgpn/,17917510206246882,Carol,2025-12-25T18:17:28.000Z,0,cw_fit4life,es,ES
https://www.instagram.com/p/DSobwtFDgpn/,17984968856924448,Cait,2025-12-25T17:26:42.000Z,0,caitobrien01,fr,FR
https://www.instagram.com/p/DSobwtFDgpn/,18066786431396224,Love all! @lgallagher50,2025-12-25T16:09:26.000Z,0,lgallagher50,it,IT
https://www.instagram.com/p/DSobwtFDgpn/,18390388378176610,Need,2025-12-25T15:12:17.000Z,0,seamossbarco,nl,NL
https://www.instagram.com/p/DSobwtFDgpn/,18101560165744715,So cute😍,2025-12-25T15:06:23.000Z,0,jeananngroat,ro,RO
https://www.instagram.com/p/DSobwtFDgpn/,17921103423071960,S fletcher,2025-12-25T14:33:27.000Z,0,susanefletcher,de,DE
https://www.instagram.com/p/DSobwtFDgpn/,18529105717070589,Need,2025-12-25T14:24:15.000Z,0,mrsminnesota10,nl,NL
https://www.instagram.com/p/DSobwtFDgpn/,18101251435697534,Me,2025-12-25T13:30:02.000Z,0,mellllll16,de,DE
https://www.instagram.com/p/DSobwtFDgpn/,18342685429226010,Stunning,2025-12-25T10:07:52.000Z,0,freshwater_cardio1155,de,DE
https://www.instagram.com/p/DSobwtFDgpn/,18095158345903294,Linksss,2025-12-25T07:15:26.000Z,0,dombardo_,fi,FI
https://www.instagram.com/p/DSobwtFDgpn/,18091052371771354,links,2025-12-25T07:09:19.000Z,0,eden.benhammou11,fi,FI
https://www.instagram.com/p/DSobwtFDgpn/,18001989482835721,Domenique,2025-12-25T06:28:01.000Z,0,domenique_joelle,fr,FR
https://www.instagram.com/p/DSobwtFDgpn/,18088116992093467,Lee,2025-12-25T05:08:58.000Z,0,jerilee.realtor.milehimodern,fr,FR
https://www.instagram.com/p/DSobwtFDgpn/,17907967863148050,Love!  Kristine,2025-12-25T04:37:23.000Z,0,kag21976,de,DE
https://www.instagram.com/p/DSobwtFDgpn/,17915619432100347,Need!,2025-12-25T04:27:29.000Z,0,catherine.ruhlig,nl,NL
https://www.instagram.com/p/DSobwtFDgpn/,18067242731398278,cute,2025-12-25T04:24:14.000Z,0,nadia.ahm,ro,RO
https://www.instagram.com/p/DSobwtFDgpn/,17895637194366127,Name,2025-12-25T04:23:29.000Z,0,rachfig10,de,DE
https://www.instagram.com/p/DSobwtFDgpn/,18079291796236753,Name,2025-12-25T04:20:32.000Z,0,janetodd19,de,DE
https://www.instagram.com/p/DSobwtFDgpn/,18100899388789294,Sue ❤️,2025-12-25T04:08:30.000Z,0,its_southida,es,ES
https://www.instagram.com/p/DSobwtFDgpn/,18089624152801803,Keep it all,2025-12-25T03:48:47.000Z,0,_ariannsmith,nl,NL
https://www.instagram.com/p/DSobwtFDgpn/,18077431250351470,Love all,2025-12-25T03:31:54.000Z,0,deehenderson_____,it,IT
https://www.instagram.com/p/DSobwtFDgpn/,17938143579104362,Tell,2025-12-25T03:26:59.000Z,0,tiara.d.anderson,it,IT
https://www.instagram.com/p/DSobwtFDgpn/,18122289190535489,@mmfleitas,2025-12-25T01:27:35.000Z,0,mmfleitas,fi,FI
https://www.instagram.com/p/DSobwtFDgpn/,17956346612904132,Send,2025-12-25T01:16:05.000Z,0,_steph.b_,de,DE
https://www.instagram.com/p/DSobwtFDgpn/,17937395736106279,Bev,2025-12-25T00:30:01.000Z,0,beverlylynn13,nl,NL
https://www.instagram.com/p/DSobwtFDgpn/,17927975730039443,Me,2025-12-25T00:03:49.000Z,0,sue_ann_walker,de,DE
https://www.instagram.com/p/DSobwtFDgpn/,18078856118215529,Carrie🔗,2025-12-24T23:58:34.000Z,0,justcarrie22,es,ES
https://www.instagram.com/p/DSobwtFDgpn/,18088766483084322,Mell,2025-12-24T23:52:31.000Z,0,mella.mood,it,IT
https://www.instagram.com/p/DSobwtFDgpn/,17894055372239925,Name🔗,2025-12-24T23:21:16.000Z,0,kasidy_o,de,DE
